<prezi xsi:schemaLocation="http://prezi.com/schema/prezi/2 http://prezi.com/schema/prezi/2" xmlns:xsi="http://www.w3.org/2001/XMLSchema-instance" version="2" xmlns="http://prezi.com/schema/prezi/2"><xFields><xField name="preziType"><xEnum type="PreziType" value="converted-from-core"/></xField></xFields><aspectRatio><aspectRatio value="16:9"/></aspectRatio><background><background><layers><array><backgroundSwfGraphics><assetSourceFilename><string value="next_ship_harmony-02.swf"/></assetSourceFilename><depth><double value="0.908220333895639"/></depth><fadeScale><double value="0.2062792343233644"/></fadeScale><height><double value="704"/></height><localToWorld><transform2D x="-2616.2071408226684" y="-478.03269054263257" scale="31.681120274374567" rotation="0"/></localToWorld><onlineAssetId><string value="4251991226"/></onlineAssetId><onlineAssetUrl><string value="http://0103.static.prezi.com.s3.amazonaws.com/media/c/5/6/1e53ccbb83225c872dc3c618b766d2f919732.swf"/></onlineAssetUrl><swfBoundsLeft><double value="45.75"/></swfBoundsLeft><swfBoundsTop><double value="50.7"/></swfBoundsTop><width><double value="1166"/></width></backgroundSwfGraphics></array></layers></background></background><documentStyle><documentStyle><fontClasses><array><fontClass><fontFamily><string value="OpenSans"/></fontFamily><name><string value="body"/></name></fontClass><fontClass><fontFamily><string value="FromWhereYouAre"/></fontFamily><name><string value="custom-fromwhereyouare"/></name></fontClass><fontClass><fontFamily><string value="Questrial"/></fontFamily><name><string value="custom-questrial"/></name></fontClass><fontClass><fontFamily><string value="OpenSans2"/></fontFamily><fontWeight><fontWeight value="bold"/></fontWeight><name><string value="head"/></name></fontClass><fontClass><fontFamily><string value="OpenSans2"/></fontFamily><fontWeight><fontWeight value="bold"/></fontWeight><name><string value="strong"/></name></fontClass></array></fontClasses><fontFamilies><array><fontFamily><fontFaces><array><fontFace><fontSrc><string value="FromWhereYouAre-Regular.keg"/></fontSrc></fontFace></array></fontFaces><name><string value="FromWhereYouAre"/></name></fontFamily><fontFamily><fontFaces><array><fontFace><fontSrc><string value="OpenSans.keg"/></fontSrc></fontFace><fontFace><fontSrc><string value="OpenSans-BI.keg"/></fontSrc><fontStyle><fontStyle value="italic"/></fontStyle><fontWeight><fontWeight value="bold"/></fontWeight></fontFace><fontFace><fontSrc><string value="OpenSans-B.keg"/></fontSrc><fontWeight><fontWeight value="bold"/></fontWeight></fontFace><fontFace><fontSrc><string value="OpenSans-I.keg"/></fontSrc><fontStyle><fontStyle value="italic"/></fontStyle></fontFace></array></fontFaces><name><string value="OpenSans"/></name></fontFamily><fontFamily><fontFaces><array><fontFace><fontSrc><string value="OpenSans-Bold.keg"/></fontSrc><fontWeight><fontWeight value="bold"/></fontWeight></fontFace><fontFace><fontSrc><string value="OpenSans-Bold.keg"/></fontSrc><fontWeight><fontWeight value="bold"/></fontWeight></fontFace><fontFace><fontSrc><string value="OpenSans-Regular.keg"/></fontSrc></fontFace><fontFace><fontSrc><string value="OpenSans-Italic.keg"/></fontSrc><fontStyle><fontStyle value="italic"/></fontStyle></fontFace><fontFace><fontSrc><string value="OpenSans-BoldItalic.keg"/></fontSrc><fontStyle><fontStyle value="italic"/></fontStyle><fontWeight><fontWeight value="bold"/></fontWeight></fontFace></array></fontFaces><name><string value="OpenSans2"/></name></fontFamily><fontFamily><fontFaces><array><fontFace><fontSrc><string value="Questrial-Regular.keg"/></fontSrc></fontFace></array></fontFaces><name><string value="Questrial"/></name></fontFamily></array></fontFamilies><styleDeclarations><array><styleDeclaration><styleBlock><styleBlock><gradEndAlpha><double value="0.7"/></gradEndAlpha><gradStartAlpha><double value="0.5"/></gradStartAlpha></styleBlock></styleBlock><styleSelector><simpleSelector value="zCircle"/></styleSelector></styleDeclaration><styleDeclaration><styleBlock><styleBlock><color><color value="#425A67"/></color><fillType><fillType value="linear"/></fillType><gradEndColor><color value="#425A67"/></gradEndColor><gradStartColor><color value="#425A67"/></gradStartColor></styleBlock></styleBlock><styleSelector><simpleSelector value="*.line1"/></styleSelector></styleDeclaration><styleDeclaration><styleBlock><styleBlock><color><color value="#B4C8CC"/></color><fillType><fillType value="linear"/></fillType><gradEndColor><color value="#B4C8CC"/></gradEndColor><gradStartColor><color value="#B4C8CC"/></gradStartColor></styleBlock></styleBlock><styleSelector><simpleSelector value="*.line2"/></styleSelector></styleDeclaration><styleDeclaration><styleBlock><styleBlock><color><color value="#6BAA9E"/></color><fillType><fillType value="linear"/></fillType><gradEndColor><color value="#6BAA9E"/></gradEndColor><gradStartColor><color value="#6BAA9E"/></gradStartColor></styleBlock></styleBlock><styleSelector><simpleSelector value="*.line3"/></styleSelector></styleDeclaration><styleDeclaration><styleBlock><styleBlock><color><color value="#BD8484"/></color><fillType><fillType value="linear"/></fillType><gradEndColor><color value="#BD8484"/></gradEndColor><gradStartColor><color value="#BD8484"/></gradStartColor></styleBlock></styleBlock><styleSelector><simpleSelector value="*.line4"/></styleSelector></styleDeclaration><styleDeclaration><styleBlock><styleBlock><color><color value="#FFF7F4"/></color><fillType><fillType value="linear"/></fillType><gradEndColor><color value="#FFF7F4"/></gradEndColor><gradStartColor><color value="#FFF7F4"/></gradStartColor></styleBlock></styleBlock><styleSelector><simpleSelector value="*.line5"/></styleSelector></styleDeclaration><styleDeclaration><styleBlock><styleBlock><color><color value="#558586"/></color><fillType><fillType value="linear"/></fillType><gradEndColor><color value="#425A67"/></gradEndColor><gradStartColor><color value="#425A67"/></gradStartColor></styleBlock></styleBlock><styleSelector><simpleSelector value="*.poly1"/></styleSelector></styleDeclaration><styleDeclaration><styleBlock><styleBlock><color><color value="#558586"/></color><fillType><fillType value="linear"/></fillType><gradEndColor><color value="#6BAA9E"/></gradEndColor><gradStartColor><color value="#6BAA9E"/></gradStartColor></styleBlock></styleBlock><styleSelector><simpleSelector value="*.poly2"/></styleSelector></styleDeclaration><styleDeclaration><styleBlock><styleBlock><color><color value="#558586"/></color><fillType><fillType value="linear"/></fillType><gradEndColor><color value="#BD8484"/></gradEndColor><gradStartColor><color value="#BD8484"/></gradStartColor></styleBlock></styleBlock><styleSelector><simpleSelector value="*.poly3"/></styleSelector></styleDeclaration><styleDeclaration><styleBlock><styleBlock><color><color value="#558586"/></color><fillType><fillType value="linear"/></fillType><gradEndColor><color value="#B4C8CC"/></gradEndColor><gradStartColor><color value="#B4C8CC"/></gradStartColor></styleBlock></styleBlock><styleSelector><simpleSelector value="*.poly4"/></styleSelector></styleDeclaration><styleDeclaration><styleBlock><styleBlock><color><color value="#558586"/></color><fillType><fillType value="linear"/></fillType><gradEndColor><color value="#FFF7F4"/></gradEndColor><gradStartColor><color value="#FFF7F4"/></gradStartColor></styleBlock></styleBlock><styleSelector><simpleSelector value="*.poly5"/></styleSelector></styleDeclaration><styleDeclaration><styleBlock><styleBlock><fillType><fillType value="linear"/></fillType><gradEndColor><color value="#3F616E"/></gradEndColor><gradStartColor><color value="#6BAA9E"/></gradStartColor></styleBlock></styleBlock><styleSelector><simpleSelector value="background"/></styleSelector></styleDeclaration><styleDeclaration><styleBlock><styleBlock><borderAlpha><double value="0"/></borderAlpha><borderThickness><double value="0"/></borderThickness><fillType><fillType value="linear"/></fillType><gradEndAlpha><double value="1"/></gradEndAlpha><gradEndColor><color value="#FFFFFF"/></gradEndColor><gradStartAlpha><double value="1"/></gradStartAlpha><gradStartColor><color value="#FFFFFF"/></gradStartColor><thickness><double value="10"/></thickness></styleBlock></styleBlock><styleSelector><simpleSelector value="zArrow"/></styleSelector></styleDeclaration><styleDeclaration><styleBlock><styleBlock><borderAlpha><double value="0"/></borderAlpha><gradEndAlpha><double value="1"/></gradEndAlpha><gradStartAlpha><double value="1"/></gradStartAlpha><radius><double value="0"/></radius><thickness><double value="100"/></thickness></styleBlock></styleBlock><styleSelector><simpleSelector value="zCircle"/></styleSelector></styleDeclaration><styleDeclaration><styleBlock><styleBlock><color><color value="#FFFFFF"/></color></styleBlock></styleBlock><styleSelector><simpleSelector value="zPencil"/></styleSelector></styleDeclaration><styleDeclaration><styleBlock><styleBlock><borderAlpha><double value="0"/></borderAlpha><borderColor><color value="#BD8484"/></borderColor><borderThickness><double value="0"/></borderThickness><fillType><fillType value="linear"/></fillType><gradEndAlpha><double value="1"/></gradEndAlpha><gradEndColor><color value="#425A67"/></gradEndColor><gradStartAlpha><double value="1"/></gradStartAlpha><gradStartColor><color value="#425A67"/></gradStartColor><padding><double value="1.03"/></padding><thickness><double value="5"/></thickness></styleBlock></styleBlock><styleSelector><simpleSelector value="zBracketFrame"/></styleSelector></styleDeclaration><styleDeclaration><styleBlock><styleBlock><borderAlpha><double value="1"/></borderAlpha><borderColor><color value="#BD8484"/></borderColor><borderThickness><double value="30"/></borderThickness><fillType><fillType value="linear"/></fillType><gradEndAlpha><double value="0.8"/></gradEndAlpha><gradEndColor><color value="#FFF7F4"/></gradEndColor><gradStartAlpha><double value="0.8"/></gradStartAlpha><gradStartColor><color value="#FFF7F4"/></gradStartColor><padding><double value="1.03"/></padding><thickness><double value="100"/></thickness></styleBlock></styleBlock><styleSelector><simpleSelector value="zCircleFrame"/></styleSelector></styleDeclaration><styleDeclaration><styleBlock><styleBlock><borderAlpha><double value="0"/></borderAlpha><borderColor><color value="#BD8484"/></borderColor><borderThickness><double value="0"/></borderThickness><fillType><fillType value="linear"/></fillType><gradEndAlpha><double value="0.5"/></gradEndAlpha><gradEndColor><color value="#425A67"/></gradEndColor><gradStartAlpha><double value="0.5"/></gradStartAlpha><gradStartColor><color value="#425A67"/></gradStartColor><padding><double value="1.03"/></padding><radius><double value="20"/></radius></styleBlock></styleBlock><styleSelector><simpleSelector value="zRectangleFrame"/></styleSelector></styleDeclaration><styleDeclaration><styleBlock><styleBlock><padding><double value="1.2"/></padding></styleBlock></styleBlock><styleSelector><simpleSelector value="zText"/></styleSelector></styleDeclaration><styleDeclaration><styleBlock><styleBlock><color><color value="#425A67"/></color><fontClass><string value="body"/></fontClass></styleBlock></styleBlock><styleSelector><simpleSelector value="zText.body"/></styleSelector></styleDeclaration><styleDeclaration><styleBlock><styleBlock><backgroundAlpha><double value="0.9"/></backgroundAlpha><backgroundColor><color value="#A6FCEA"/></backgroundColor><backgroundPadding><double value="6"/></backgroundPadding></styleBlock></styleBlock><styleSelector><simpleSelector value="zText.body-background"/></styleSelector></styleDeclaration><styleDeclaration><styleBlock><styleBlock><color><color value="#FFFFFF"/></color><fontClass><string value="head"/></fontClass></styleBlock></styleBlock><styleSelector><simpleSelector value="zText.title"/></styleSelector></styleDeclaration><styleDeclaration><styleBlock><styleBlock><backgroundAlpha><double value="0.6"/></backgroundAlpha><backgroundColor><color value="#BD8484"/></backgroundColor><backgroundPadding><double value="1"/></backgroundPadding></styleBlock></styleBlock><styleSelector><simpleSelector value="zText.title-background"/></styleSelector></styleDeclaration><styleDeclaration><styleBlock><styleBlock><color><color value="#425A67"/></color><fontClass><string value="strong"/></fontClass></styleBlock></styleBlock><styleSelector><simpleSelector value="zText.subtitle"/></styleSelector></styleDeclaration><styleDeclaration><styleBlock><styleBlock><backgroundAlpha><double value="0.6"/></backgroundAlpha><backgroundColor><color value="#A6FCEA"/></backgroundColor><backgroundPadding><double value="1"/></backgroundPadding></styleBlock></styleBlock><styleSelector><simpleSelector value="zText.subtitle-background"/></styleSelector></styleDeclaration><styleDeclaration><styleBlock><styleBlock><color><color value="#425A67"/></color></styleBlock></styleBlock><styleSelector><simpleSelector value="zLine"/></styleSelector></styleDeclaration><styleDeclaration><styleBlock><styleBlock><color><color value="#A6FCEA"/></color></styleBlock></styleBlock><styleSelector><simpleSelector value="zMarker"/></styleSelector></styleDeclaration><styleDeclaration><styleBlock><styleBlock><borderAlpha><double value="0"/></borderAlpha><gradEndAlpha><double value="1"/></gradEndAlpha><gradStartAlpha><double value="1"/></gradStartAlpha><radius><double value="0"/></radius><thickness><double value="100"/></thickness></styleBlock></styleBlock><styleSelector><simpleSelector value="zTriangle"/></styleSelector></styleDeclaration><styleDeclaration><styleBlock><styleBlock><borderAlpha><double value="0"/></borderAlpha><gradEndAlpha><double value="1"/></gradEndAlpha><gradStartAlpha><double value="1"/></gradStartAlpha><radius><double value="0"/></radius><thickness><double value="100"/></thickness></styleBlock></styleBlock><styleSelector><simpleSelector value="zSquare"/></styleSelector></styleDeclaration><styleDeclaration><styleBlock><styleBlock><borderColor><color value="#FFFFFF"/></borderColor><borderThickness><double value="-1"/></borderThickness><fillType><fillType value="linear"/></fillType><gradEndColor><color value="#FFF808"/></gradEndColor><gradStartColor><color value="#FFF808"/></gradStartColor></styleBlock></styleBlock><styleSelector><simpleSelector value="arrow"/></styleSelector></styleDeclaration><styleDeclaration><styleBlock><styleBlock><borderAlpha><double value="1"/></borderAlpha><radius><double value="0"/></radius><thickness><double value="100"/></thickness></styleBlock></styleBlock><styleSelector><simpleSelector value="circle"/></styleSelector></styleDeclaration><styleDeclaration><styleBlock><styleBlock><borderColor><color value="#FFFFFF"/></borderColor><borderThickness><double value="0"/></borderThickness><fillType><fillType value="linear"/></fillType><gradEndColor><color value="#C5C3C3"/></gradEndColor><gradStartColor><color value="#FFFFFF"/></gradStartColor><thickness><double value="7"/></thickness></styleBlock></styleBlock><styleSelector><simpleSelector value="frame.bracket"/></styleSelector></styleDeclaration><styleDeclaration><styleBlock><styleBlock><borderColor><color value="#999999"/></borderColor><borderThickness><double value="0"/></borderThickness><fillType><fillType value="linear"/></fillType><gradEndColor><color value="#333333"/></gradEndColor><gradStartColor><color value="#333333"/></gradStartColor></styleBlock></styleBlock><styleSelector><simpleSelector value="frame.circle"/></styleSelector></styleDeclaration><styleDeclaration><styleBlock><styleBlock><borderColor><color value="#FFFFFF"/></borderColor><borderThickness><double value="0"/></borderThickness><fillType><fillType value="linear"/></fillType><gradEndColor><color value="#000000"/></gradEndColor><gradStartColor><color value="#000000"/></gradStartColor><radius><double value="0"/></radius></styleBlock></styleBlock><styleSelector><simpleSelector value="frame.rectangle"/></styleSelector></styleDeclaration><styleDeclaration><styleBlock><styleBlock><color><color value="#FFF808"/></color></styleBlock></styleBlock><styleSelector><simpleSelector value="free-line"/></styleSelector></styleDeclaration><styleDeclaration><styleBlock><styleBlock><alpha><double value="0.3"/></alpha><color><color value="#FFFF0D"/></color></styleBlock></styleBlock><styleSelector><simpleSelector value="free-marker"/></styleSelector></styleDeclaration><styleDeclaration><styleBlock><styleBlock><color><color value="#DDDDDD"/></color></styleBlock></styleBlock><styleSelector><simpleSelector value="grid"/></styleSelector></styleDeclaration><styleDeclaration><styleBlock><styleBlock><color><color value="#FFF808"/></color></styleBlock></styleBlock><styleSelector><simpleSelector value="line"/></styleSelector></styleDeclaration><styleDeclaration><styleBlock><styleBlock><color><color value="#FFFFFF"/></color><fillType><fillType value="linear"/></fillType><gradEndColor><color value="#FFFFFF"/></gradEndColor><gradStartColor><color value="#FFFFFF"/></gradStartColor></styleBlock></styleBlock><styleSelector><simpleSelector value="line-arrow.style1"/></styleSelector></styleDeclaration><styleDeclaration><styleBlock><styleBlock><color><color value="#C5C3C3"/></color><fillType><fillType value="linear"/></fillType><gradEndColor><color value="#C5C3C3"/></gradEndColor><gradStartColor><color value="#C5C3C3"/></gradStartColor></styleBlock></styleBlock><styleSelector><simpleSelector value="line-arrow.style2"/></styleSelector></styleDeclaration><styleDeclaration><styleBlock><styleBlock><color><color value="#FFF808"/></color><fillType><fillType value="linear"/></fillType><gradEndColor><color value="#FFF808"/></gradEndColor><gradStartColor><color value="#FFF808"/></gradStartColor></styleBlock></styleBlock><styleSelector><simpleSelector value="line-arrow.style3"/></styleSelector></styleDeclaration><styleDeclaration><styleBlock><styleBlock><color><color value="#333333"/></color><fillType><fillType value="linear"/></fillType><gradEndColor><color value="#333333"/></gradEndColor><gradStartColor><color value="#333333"/></gradStartColor></styleBlock></styleBlock><styleSelector><simpleSelector value="line-arrow.style4"/></styleSelector></styleDeclaration><styleDeclaration><styleBlock><styleBlock><color><color value="#000000"/></color><fillType><fillType value="linear"/></fillType><gradEndColor><color value="#000000"/></gradEndColor><gradStartColor><color value="#000000"/></gradStartColor></styleBlock></styleBlock><styleSelector><simpleSelector value="line-arrow.style5"/></styleSelector></styleDeclaration><styleDeclaration><styleBlock><styleBlock><borderAlpha><double value="1"/></borderAlpha><gradEndAlpha><double value="0.8"/></gradEndAlpha><gradStartAlpha><double value="0.7"/></gradStartAlpha><radius><double value="0"/></radius><thickness><double value="100"/></thickness></styleBlock></styleBlock><styleSelector><simpleSelector value="shape"/></styleSelector></styleDeclaration><styleDeclaration><styleBlock><styleBlock><borderColor><color value="#FFFFFF"/></borderColor><borderThickness><double value="0"/></borderThickness><fillType><fillType value="linear"/></fillType><gradEndColor><color value="#FFFFFF"/></gradEndColor><gradStartColor><color value="#FFFFFF"/></gradStartColor></styleBlock></styleBlock><styleSelector><simpleSelector value="shape.style1"/></styleSelector></styleDeclaration><styleDeclaration><styleBlock><styleBlock><borderColor><color value="#C5C3C3"/></borderColor><borderThickness><double value="0"/></borderThickness><fillType><fillType value="linear"/></fillType><gradEndColor><color value="#C5C3C3"/></gradEndColor><gradStartColor><color value="#C5C3C3"/></gradStartColor></styleBlock></styleBlock><styleSelector><simpleSelector value="shape.style2"/></styleSelector></styleDeclaration><styleDeclaration><styleBlock><styleBlock><borderColor><color value="#FFF808"/></borderColor><borderThickness><double value="0"/></borderThickness><fillType><fillType value="linear"/></fillType><gradEndColor><color value="#FFF808"/></gradEndColor><gradStartColor><color value="#FFF808"/></gradStartColor></styleBlock></styleBlock><styleSelector><simpleSelector value="shape.style3"/></styleSelector></styleDeclaration><styleDeclaration><styleBlock><styleBlock><borderColor><color value="#333333"/></borderColor><borderThickness><double value="0"/></borderThickness><fillType><fillType value="linear"/></fillType><gradEndColor><color value="#333333"/></gradEndColor><gradStartColor><color value="#333333"/></gradStartColor></styleBlock></styleBlock><styleSelector><simpleSelector value="shape.style4"/></styleSelector></styleDeclaration><styleDeclaration><styleBlock><styleBlock><borderColor><color value="#000000"/></borderColor><borderThickness><double value="0"/></borderThickness><fillType><fillType value="linear"/></fillType><gradEndColor><color value="#000000"/></gradEndColor><gradStartColor><color value="#000000"/></gradStartColor></styleBlock></styleBlock><styleSelector><simpleSelector value="shape.style5"/></styleSelector></styleDeclaration><styleDeclaration><styleBlock><styleBlock><padding><double value="1.2"/></padding></styleBlock></styleBlock><styleSelector><simpleSelector value="text"/></styleSelector></styleDeclaration><styleDeclaration><styleBlock><styleBlock><color><color value="#FFFFFF"/></color><fontClass><string value="body"/></fontClass></styleBlock></styleBlock><styleSelector><simpleSelector value="text.body"/></styleSelector></styleDeclaration><styleDeclaration><styleBlock><styleBlock><color><color value="#FFFFFF"/></color><fontClass><string value="strong"/></fontClass></styleBlock></styleBlock><styleSelector><simpleSelector value="text.subtitle"/></styleSelector></styleDeclaration><styleDeclaration><styleBlock><styleBlock><color><color value="#FFF808"/></color><fontClass><string value="head"/></fontClass></styleBlock></styleBlock><styleSelector><simpleSelector value="text.title"/></styleSelector></styleDeclaration><styleDeclaration><styleBlock><styleBlock><borderColor><color value="#EC2E53"/></borderColor><color><color value="#EC2E53"/></color><fillType><fillType value="linear"/></fillType><gradEndAlpha><double value="1"/></gradEndAlpha><gradEndColor><color value="#EC2E53"/></gradEndColor><gradStartAlpha><double value="1"/></gradStartAlpha><gradStartColor><color value="#EC2E53"/></gradStartColor><thickness><double value="10"/></thickness></styleBlock></styleBlock><styleSelector><simpleSelector value="#10_231456966"/></styleSelector></styleDeclaration><styleDeclaration><styleBlock><styleBlock><borderColor><color value="#EC2E53"/></borderColor><color><color value="#EC2E53"/></color><fillType><fillType value="linear"/></fillType><gradEndAlpha><double value="1"/></gradEndAlpha><gradEndColor><color value="#EC2E53"/></gradEndColor><gradStartAlpha><double value="1"/></gradStartAlpha><gradStartColor><color value="#EC2E53"/></gradStartColor><thickness><double value="10"/></thickness></styleBlock></styleBlock><styleSelector><simpleSelector value="#11_231456966"/></styleSelector></styleDeclaration><styleDeclaration><styleBlock><styleBlock><borderColor><color value="#EC2E53"/></borderColor><color><color value="#EC2E53"/></color><fillType><fillType value="linear"/></fillType><gradEndAlpha><double value="1"/></gradEndAlpha><gradEndColor><color value="#EC2E53"/></gradEndColor><gradStartAlpha><double value="1"/></gradStartAlpha><gradStartColor><color value="#EC2E53"/></gradStartColor><thickness><double value="10"/></thickness></styleBlock></styleBlock><styleSelector><simpleSelector value="#12_231456966"/></styleSelector></styleDeclaration><styleDeclaration><styleBlock><styleBlock><borderColor><color value="#EC2E53"/></borderColor><color><color value="#EC2E53"/></color><fillType><fillType value="linear"/></fillType><gradEndAlpha><double value="1"/></gradEndAlpha><gradEndColor><color value="#EC2E53"/></gradEndColor><gradStartAlpha><double value="1"/></gradStartAlpha><gradStartColor><color value="#EC2E53"/></gradStartColor><thickness><double value="10"/></thickness></styleBlock></styleBlock><styleSelector><simpleSelector value="#13_231456966"/></styleSelector></styleDeclaration><styleDeclaration><styleBlock><styleBlock><borderColor><color value="#EC2E53"/></borderColor><color><color value="#EC2E53"/></color><fillType><fillType value="linear"/></fillType><gradEndAlpha><double value="1"/></gradEndAlpha><gradEndColor><color value="#EC2E53"/></gradEndColor><gradStartAlpha><double value="1"/></gradStartAlpha><gradStartColor><color value="#EC2E53"/></gradStartColor><thickness><double value="10"/></thickness></styleBlock></styleBlock><styleSelector><simpleSelector value="#14_231456966"/></styleSelector></styleDeclaration><styleDeclaration><styleBlock><styleBlock><thickness><double value="8"/></thickness></styleBlock></styleBlock><styleSelector><simpleSelector value="#18_231456966"/></styleSelector></styleDeclaration><styleDeclaration><styleBlock><styleBlock><borderColor><color value="#EC2E53"/></borderColor><color><color value="#EC2E53"/></color><fillType><fillType value="linear"/></fillType><gradEndAlpha><double value="1"/></gradEndAlpha><gradEndColor><color value="#EC2E53"/></gradEndColor><gradStartAlpha><double value="1"/></gradStartAlpha><gradStartColor><color value="#EC2E53"/></gradStartColor><thickness><double value="10"/></thickness></styleBlock></styleBlock><styleSelector><simpleSelector value="#1_231456966"/></styleSelector></styleDeclaration><styleDeclaration><styleBlock><styleBlock><thickness><double value="8"/></thickness></styleBlock></styleBlock><styleSelector><simpleSelector value="#20_231456966"/></styleSelector></styleDeclaration><styleDeclaration><styleBlock><styleBlock><thickness><double value="8"/></thickness></styleBlock></styleBlock><styleSelector><simpleSelector value="#23_231456966"/></styleSelector></styleDeclaration><styleDeclaration><styleBlock><styleBlock><fontClass><string value="custom-questrial"/></fontClass></styleBlock></styleBlock><styleSelector><simpleSelector value="#25_231456966"/></styleSelector></styleDeclaration><styleDeclaration><styleBlock><styleBlock><fontClass><string value="custom-questrial"/></fontClass></styleBlock></styleBlock><styleSelector><simpleSelector value="#30_231456966"/></styleSelector></styleDeclaration><styleDeclaration><styleBlock><styleBlock><borderColor><color value="#EC2E53"/></borderColor><color><color value="#EC2E53"/></color><fillType><fillType value="linear"/></fillType><gradEndAlpha><double value="1"/></gradEndAlpha><gradEndColor><color value="#EC2E53"/></gradEndColor><gradStartAlpha><double value="1"/></gradStartAlpha><gradStartColor><color value="#EC2E53"/></gradStartColor><thickness><double value="10"/></thickness></styleBlock></styleBlock><styleSelector><simpleSelector value="#38_231456966"/></styleSelector></styleDeclaration><styleDeclaration><styleBlock><styleBlock><fontClass><string value="custom-fromwhereyouare"/></fontClass></styleBlock></styleBlock><styleSelector><simpleSelector value="#38_30863873"/></styleSelector></styleDeclaration><styleDeclaration><styleBlock><styleBlock><color><color value="#35AFA9"/></color><fillType><fillType value="linear"/></fillType><gradEndAlpha><double value="1"/></gradEndAlpha><gradEndColor><color value="#35AFA9"/></gradEndColor><gradStartAlpha><double value="1"/></gradStartAlpha><gradStartColor><color value="#35AFA9"/></gradStartColor><thickness><double value="8"/></thickness></styleBlock></styleBlock><styleSelector><simpleSelector value="#40_231456966"/></styleSelector></styleDeclaration><styleDeclaration><styleBlock><styleBlock><borderColor><color value="#EC2E53"/></borderColor><color><color value="#EC2E53"/></color><fillType><fillType value="linear"/></fillType><gradEndAlpha><double value="1"/></gradEndAlpha><gradEndColor><color value="#EC2E53"/></gradEndColor><gradStartAlpha><double value="1"/></gradStartAlpha><gradStartColor><color value="#EC2E53"/></gradStartColor><thickness><double value="10"/></thickness></styleBlock></styleBlock><styleSelector><simpleSelector value="#6_231456966"/></styleSelector></styleDeclaration><styleDeclaration><styleBlock><styleBlock><borderColor><color value="#EC2E53"/></borderColor><color><color value="#EC2E53"/></color><fillType><fillType value="linear"/></fillType><gradEndAlpha><double value="1"/></gradEndAlpha><gradEndColor><color value="#EC2E53"/></gradEndColor><gradStartAlpha><double value="1"/></gradStartAlpha><gradStartColor><color value="#EC2E53"/></gradStartColor><thickness><double value="10"/></thickness></styleBlock></styleBlock><styleSelector><simpleSelector value="#7_231456966"/></styleSelector></styleDeclaration><styleDeclaration><styleBlock><styleBlock><borderColor><color value="#EC2E53"/></borderColor><color><color value="#EC2E53"/></color><fillType><fillType value="linear"/></fillType><gradEndAlpha><double value="1"/></gradEndAlpha><gradEndColor><color value="#EC2E53"/></gradEndColor><gradStartAlpha><double value="1"/></gradStartAlpha><gradStartColor><color value="#EC2E53"/></gradStartColor><thickness><double value="10"/></thickness></styleBlock></styleBlock><styleSelector><simpleSelector value="#8_231456966"/></styleSelector></styleDeclaration><styleDeclaration><styleBlock><styleBlock><borderThickness><double value="9"/></borderThickness></styleBlock></styleBlock><styleSelector><simpleSelector value="#8_30863873"/></styleSelector></styleDeclaration><styleDeclaration><styleBlock><styleBlock><borderColor><color value="#EC2E53"/></borderColor><color><color value="#EC2E53"/></color><fillType><fillType value="linear"/></fillType><gradEndAlpha><double value="1"/></gradEndAlpha><gradEndColor><color value="#EC2E53"/></gradEndColor><gradStartAlpha><double value="1"/></gradStartAlpha><gradStartColor><color value="#EC2E53"/></gradStartColor><thickness><double value="10"/></thickness></styleBlock></styleBlock><styleSelector><simpleSelector value="#9_231456966"/></styleSelector></styleDeclaration></array></styleDeclarations></documentStyle></documentStyle><path><array><flyToObject><target><ref value="0_30863873"/></target></flyToObject><flyToObject><target><ref value="6_30863873"/></target></flyToObject><flyToObject><target><ref value="36_30863873"/></target></flyToObject><flyToObject><target><ref value="33_30863873"/></target></flyToObject><flyToObject><target><ref value="5_30863873"/></target></flyToObject><flyToObject><target><ref value="61_30863873"/></target></flyToObject><flyToObject><target><ref value="4_30863873"/></target></flyToObject><flyToObject><target><ref value="0"/></target></flyToObject><flyToObject><target><ref value="3_231456966"/></target></flyToObject><flyToObject><target><ref value="4_231456966"/></target></flyToObject><flyToObject><target><ref value="0_231456966"/></target></flyToObject><flyToObject><target><ref value="37_231456966"/></target></flyToObject><flyToObject><target><ref value="2_231456966"/></target></flyToObject><flyToObject><target><ref value="0_30863873"/></target></flyToObject></array></path><zObjects><array><zGroup><children><array><ref value="8_30863873"/><ref value="22_30863873"/></array></children><id><string value="1_30863873"/></id><localToWorld><transform2D x="15935.57409230655" y="9002.251397191878" scale="7.496866344644894" rotation="0"/></localToWorld></zGroup><zInvisibleFrame><height><double value="529.261163153762"/></height><id><string value="0_30863873"/></id><localToWorld><transform2D x="5.433230260245507E-13" y="1.491689240091235E-13" scale="43.9021003143995" rotation="0"/></localToWorld><styleClasses><array><token value="invisible"/></array></styleClasses><width><double value="915.737255298011"/></width></zInvisibleFrame><zCircleFrame><height><double value="800"/></height><id><string value="4_30863873"/></id><localToWorld><transform2D x="-612.9052181354162" y="-5174.787721976822" scale="6.745229346357889" rotation="0"/></localToWorld><styleClasses><array><token value="circle"/></array></styleClasses><width><double value="800"/></width></zCircleFrame><zCircleFrame><height><double value="800"/></height><id><string value="5_30863873"/></id><localToWorld><transform2D x="-9276.433264185243" y="-3278.3941463526853" scale="5.636438354792859" rotation="0"/></localToWorld><styleClasses><array><token value="circle"/></array></styleClasses><width><double value="800"/></width></zCircleFrame><zCircleFrame><height><double value="800"/></height><id><string value="6_30863873"/></id><localToWorld><transform2D x="-16321.603971194216" y="6927.836176485431" scale="5.007229044528087" rotation="0"/></localToWorld><styleClasses><array><token value="circle"/></array></styleClasses><width><double value="800"/></width></zCircleFrame><zCircle><id><string value="8_30863873"/></id><localToWorld><transform2D x="15935.57409230655" y="9002.251397191878" scale="7.895055491125907" rotation="0"/></localToWorld><radius><double value="146.94978781563685"/></radius><styleClasses><array><token value="poly1"/></array></styleClasses></zCircle><zCircleFrame><height><double value="800"/></height><id><string value="61_30863873"/></id><localToWorld><transform2D x="-3545.4291537483855" y="4024.1871200285796" scale="5.929490888319901" rotation="0"/></localToWorld><styleClasses><array><token value="circle"/></array></styleClasses><width><double value="800"/></width></zCircleFrame><zText><id><string value="22_30863873"/></id><localToWorld><transform2D x="15897.613142475275" y="8960.253158383148" scale="23.524069872584427" rotation="0"/></localToWorld><styleClasses><array><token value="title"/></array></styleClasses><text><text><width>59.856000000000016</width><p align="right"><span><![CDATA[Logo]]></span></p></text></text></zText><zText><id><string value="11_30863873"/></id><localToWorld><transform2D x="-9236.726532314207" y="-2826.4526300407047" scale="7.815499081624508" rotation="0"/></localToWorld><styleClasses><array><token value="body"/></array></styleClasses><text><text><width>385.25750259332045</width><p align="justify"><span><![CDATA[It is a two player game one is user and another is computer.]]></span></p><p/><p align="justify"><span><![CDATA[At last in this game either user wins or computer wins or there may be a case such that word will not be found in the dictionary.]]></span></p></text></text></zText><zText><id><string value="14_30863873"/></id><localToWorld><transform2D x="-3621.423124049671" y="2802.333269377553" scale="13.572243941567903" rotation="0"/></localToWorld><styleClasses><array><token value="subtitle"/></array></styleClasses><text><text><width>247.02009677250604</width><p align="center"><span color="0"><![CDATA[When user wins or computer?]]></span></p></text></text></zText><zText><id><string value="15_30863873"/></id><localToWorld><transform2D x="-3501.251534194627" y="4520.640543058402" scale="7.843499976131999" rotation="0"/></localToWorld><styleClasses><array><token value="body"/></array></styleClasses><text><text><width>385.25750259332045</width><p align="justify"><span><![CDATA[On user's turn, if user challenge computer's word as user think computer has formed a valid word of at least 4 letters.]]></span></p><p/><p align="justify"><span><![CDATA[If the fragment is a word, then user wins and if the fragment is not a word, then computer wins.]]></span></p></text></text></zText><zSwfGraphics><assetSourceFilename><string value="next_ship_harmony-11.swf"/></assetSourceFilename><height><double value="105"/></height><id><string value="29_30863873"/></id><localToWorld><transform2D x="-18218.162289416585" y="9621.101358635346" scale="33.39151576545711" rotation="0"/></localToWorld><onlineAssetId><string value="4252125497"/></onlineAssetId><onlineAssetUrl><string value="http://0103.static.prezi.com.s3.amazonaws.com/media/9/0/2/149cc70c857d0dc8fffb36f77eb3855e21aea.swf"/></onlineAssetUrl><width><double value="86"/></width></zSwfGraphics><zCircleFrame><height><double value="800"/></height><id><string value="33_30863873"/></id><localToWorld><transform2D x="-10056.360621610704" y="5935.6630532703475" scale="4.6552703789730225" rotation="0"/></localToWorld><styleClasses><array><token value="circle"/></array></styleClasses><width><double value="800"/></width></zCircleFrame><zText><id><string value="34_30863873"/></id><localToWorld><transform2D x="-10123.737380024177" y="4930.192055944419" scale="14.182644473467992" rotation="0"/></localToWorld><styleClasses><array><token value="subtitle"/></array></styleClasses><text><text><width>247.02009677250604</width><p align="center"><span color="0"><![CDATA[Objective]]></span></p></text></text></zText><zText><id><string value="35_30863873"/></id><localToWorld><transform2D x="-9945.334590852824" y="6095.708274841623" scale="6.627481245196717" rotation="0"/></localToWorld><styleClasses><array><token value="body"/></array></styleClasses><text><text><width>385.25750259332045</width><p align="justify"><span><![CDATA[It is a word forming game which provides entertainment and also helps in enhancing one's vocabulary.]]></span></p></text></text></zText><zCircleFrame><height><double value="800"/></height><id><string value="36_30863873"/></id><localToWorld><transform2D x="-13765.224541853446" y="-558.5032579542208" scale="4.6552703789730225" rotation="0"/></localToWorld><styleClasses><array><token value="circle"/></array></styleClasses><width><double value="800"/></width></zCircleFrame><zText><id><string value="38_30863873"/></id><localToWorld><transform2D x="-11576.814078000813" y="-1319.6539999642469" scale="17.420192719238976" rotation="0"/></localToWorld><styleClasses><array><token value="title"/></array></styleClasses><text><text><width>385.25750259332045</width><p><span color="3355443"><![CDATA[Anagram]]></span></p></text></text></zText><zSwfGraphics><assetSourceFilename><string value="next_ship_harmony-07.swf"/></assetSourceFilename><height><double value="99"/></height><id><string value="44_30863873"/></id><localToWorld><transform2D x="-15552.946258642614" y="-3631.264703388222" scale="29.48127603057872" rotation="0"/></localToWorld><onlineAssetId><string value="4252125521"/></onlineAssetId><onlineAssetUrl><string value="http://0103.static.prezi.com.s3.amazonaws.com/media/0/7/9/19273ec7243e20608acc1bbe0341c3754dce5.swf"/></onlineAssetUrl><width><double value="41"/></width></zSwfGraphics><zSwfGraphics><assetSourceFilename><string value="next_ship_harmony-08.swf"/></assetSourceFilename><height><double value="87"/></height><id><string value="30_30863873"/></id><localToWorld><transform2D x="-6219.305510225841" y="-5175.062861906275" scale="28.785789452980264" rotation="0"/></localToWorld><onlineAssetId><string value="4252125503"/></onlineAssetId><onlineAssetUrl><string value="http://0103.static.prezi.com.s3.amazonaws.com/media/d/9/e/dc81f53fa30fd90c0405c51d96c870bb1cdae.swf"/></onlineAssetUrl><width><double value="87"/></width></zSwfGraphics><zSwfGraphics><assetSourceFilename><string value="next_ship_harmony-09.swf"/></assetSourceFilename><height><double value="71"/></height><id><string value="42_30863873"/></id><localToWorld><transform2D x="-6218.121433813152" y="6372.582465998782" scale="25.19480565804108" rotation="0"/></localToWorld><onlineAssetId><string value="4252125506"/></onlineAssetId><onlineAssetUrl><string value="http://0103.static.prezi.com.s3.amazonaws.com/media/7/0/2/d1f88505c22c5f660daae6c41d2d481e2b80f.swf"/></onlineAssetUrl><width><double value="71"/></width></zSwfGraphics><zText><id><string value="13_30863873"/></id><isPlaceholder><bool value="true"/></isPlaceholder><localToWorld><transform2D x="-7539.139024990296" y="-9756.861145884852" scale="68.92121993232247" rotation="0"/></localToWorld><styleClasses><array><token value="title"/></array></styleClasses><text><text><width>328.7878222131714</width><p><span><![CDATA[Click to add Title]]></span></p></text></text></zText><zSwfGraphics><assetSourceFilename><string value="next_ship_harmony-10.swf"/></assetSourceFilename><height><double value="79"/></height><id><string value="43_30863873"/></id><localToWorld><transform2D x="-4274.385904089702" y="-1239.0718803108691" scale="31.70080610644662" rotation="0"/></localToWorld><onlineAssetId><string value="4252125509"/></onlineAssetId><onlineAssetUrl><string value="http://0103.static.prezi.com.s3.amazonaws.com/media/1/d/1/cf01296059142b0a867eedabeac0066ea5792.swf"/></onlineAssetUrl><width><double value="60"/></width></zSwfGraphics><zSwfGraphics><assetSourceFilename><string value="next_ship_harmony-07.swf"/></assetSourceFilename><height><double value="99"/></height><id><string value="45_30863873"/></id><localToWorld><transform2D x="14748.532118932619" y="899.4144438979429" scale="41.27378644281019" rotation="0.7853981633974483"/></localToWorld><onlineAssetId><string value="4252125521"/></onlineAssetId><onlineAssetUrl><string value="http://0103.static.prezi.com.s3.amazonaws.com/media/0/7/9/19273ec7243e20608acc1bbe0341c3754dce5.swf"/></onlineAssetUrl><width><double value="41"/></width></zSwfGraphics><zSwfGraphics><assetSourceFilename><string value="next_ship_harmony-08.swf"/></assetSourceFilename><height><double value="87"/></height><id><string value="47_30863873"/></id><localToWorld><transform2D x="10012.226653090236" y="-8568.600892897311" scale="14.686627271928716" rotation="1.8325957145940461"/></localToWorld><onlineAssetId><string value="4252125503"/></onlineAssetId><onlineAssetUrl><string value="http://0103.static.prezi.com.s3.amazonaws.com/media/d/9/e/dc81f53fa30fd90c0405c51d96c870bb1cdae.swf"/></onlineAssetUrl><width><double value="87"/></width></zSwfGraphics><zText><id><string value="58_30863873"/></id><localToWorld><transform2D x="-15518.05756683922" y="7447.064091967348" scale="6.024982950178834" rotation="0"/></localToWorld><styleClasses><array><token value="subtitle"/></array></styleClasses><text><text><width>221.97883221089737</width><p><span><![CDATA[Group : 03]]></span></p><p><span><![CDATA[Prepared by:]]></span></p><p><span><![CDATA[Surbhi Maniyar]]></span></p><p><span><![CDATA[Hardik Kakadiya]]></span></p><p><span><![CDATA[Riya Patel]]></span></p><p><span><![CDATA[Nilam Shah]]></span></p><p><span><![CDATA[Viral Vanani]]></span></p><p><span><![CDATA[Rishabh Chauhan]]></span></p><p/><p><span><![CDATA[Guided by:]]></span></p><p><span><![CDATA[Akshar Mistry]]></span></p></text></text></zText><zImage><assetSourceFilename><string value="http://0103.static.prezi.com.s3.amazonaws.com/media/e/8/1/ce12a859a79f95dc36e6b108c7a07984bb39d.png"/></assetSourceFilename><height><double value="97"/></height><id><string value="5_231456966"/></id><localToWorld><transform2D x="-16321.780935266102" y="5917.192216631778" scale="6.49338138426037" rotation="0"/></localToWorld><onlineAssetId><string value="4675634313"/></onlineAssetId><onlineAssetUrl><string value="http://0103.static.prezi.com.s3.amazonaws.com/media/e/8/1/ce12a859a79f95dc36e6b108c7a07984bb39d.png"/></onlineAssetUrl><width><double value="420"/></width></zImage><zText><id><string value="60_30863873"/></id><isPlaceholder><bool value="true"/></isPlaceholder><localToWorld><transform2D x="-9838.244668765656" y="-8117.582709557352" scale="29.929722086188463" rotation="0"/></localToWorld><styleClasses><array><token value="subtitle"/></array></styleClasses><text><text><width>603.4199216320924</width><p><span><![CDATA[Click to add text]]></span></p></text></text></zText><zCircleFrame><height><double value="800"/></height><id><string value="0"/></id><localToWorld><transform2D x="6447.752407187814" y="-5174.136073374656" scale="6.179120739511237" rotation="0"/></localToWorld><styleClasses><array><token value="circle"/></array></styleClasses><width><double value="800"/></width></zCircleFrame><zCircleFrame><height><double value="800"/></height><id><string value="0_231456966"/></id><localToWorld><transform2D x="15935.520518119216" y="4661.231563816743" scale="6.410676858063971" rotation="0"/></localToWorld><styleClasses><array><token value="circle"/></array></styleClasses><width><double value="800"/></width></zCircleFrame><zCircleFrame><height><double value="800"/></height><id><string value="2_231456966"/></id><localToWorld><transform2D x="0.8429221719900113" y="9146.832654083835" scale="6.1789852247171" rotation="0"/></localToWorld><styleClasses><array><token value="circle"/></array></styleClasses><width><double value="800"/></width></zCircleFrame><zCircleFrame><height><double value="800"/></height><id><string value="3_231456966"/></id><localToWorld><transform2D x="3631.3038635702133" y="2980.1661185630614" scale="6.119495363647051" rotation="0"/></localToWorld><styleClasses><array><token value="circle"/></array></styleClasses><width><double value="800"/></width></zCircleFrame><zCircleFrame><height><double value="800"/></height><id><string value="4_231456966"/></id><localToWorld><transform2D x="12778.637237291914" y="-2752.351568521027" scale="5.379430429515869" rotation="0"/></localToWorld><styleClasses><array><token value="circle"/></array></styleClasses><width><double value="800"/></width></zCircleFrame><zArrow><arcHeight><double value="-25.50143942160139"/></arcHeight><id><string value="1_231456966"/></id><localToWorld><transform2D x="-15526.763012303423" y="2771.2430544095546" scale="28.018238984377234" rotation="-1.1692728653974993"/></localToWorld><startEndDistance><double value="117.59999999999997"/></startEndDistance><styleClasses><array><token value="line3"/></array></styleClasses></zArrow><zArrow><id><string value="6_231456966"/></id><localToWorld><transform2D x="-11769.926691662158" y="2610.9969575622604" scale="28.01823898437723" rotation="1.1459960943947338"/></localToWorld><startEndDistance><double value="117.6"/></startEndDistance><styleClasses><array><token value="line3"/></array></styleClasses></zArrow><zArrow><arcHeight><double value="25.556251536686204"/></arcHeight><id><string value="7_231456966"/></id><localToWorld><transform2D x="-9178.083563588452" y="1507.8920370168757" scale="27.45787420468969" rotation="-1.4590759694256359"/></localToWorld><startEndDistance><double value="164.04579282997162"/></startEndDistance><styleClasses><array><token value="line3"/></array></styleClasses></zArrow><zArrow><arcHeight><double value="-29.710910410701747"/></arcHeight><id><string value="8_231456966"/></id><localToWorld><transform2D x="-5746.822258384304" y="-312.7168320045262" scale="27.45787420468969" rotation="1.0471975511965976"/></localToWorld><startEndDistance><double value="156.74092367807876"/></startEndDistance><styleClasses><array><token value="line3"/></array></styleClasses></zArrow><zArrow><arcHeight><double value="29.551760229710904"/></arcHeight><id><string value="9_231456966"/></id><localToWorld><transform2D x="-1450.9599990865681" y="-226.6696759683761" scale="27.45787420468968" rotation="-1.1692728653974986"/></localToWorld><startEndDistance><double value="142.28449883099748"/></startEndDistance><styleClasses><array><token value="line3"/></array></styleClasses></zArrow><zArrow><id><string value="10_231456966"/></id><localToWorld><transform2D x="3103.743573026099" y="-5200.287498005755" scale="27.45787420468968" rotation="0.26179938779914935"/></localToWorld><startEndDistance><double value="60"/></startEndDistance><styleClasses><array><token value="line3"/></array></styleClasses></zArrow><zArrow><arcHeight><double value="-44.90275247032537"/></arcHeight><id><string value="11_231456966"/></id><localToWorld><transform2D x="2849.575588576782" y="-1629.9944142798577" scale="27.45787420468968" rotation="-1.0471975511965987"/></localToWorld><startEndDistance><double value="-165.3122695928281"/></startEndDistance><styleClasses><array><token value="line3"/></array></styleClasses></zArrow><zArrow><arcHeight><double value="-45.272022961896255"/></arcHeight><id><string value="12_231456966"/></id><localToWorld><transform2D x="8031.3179215847895" y="-330.2146338126688" scale="27.457874204689684" rotation="-0.6761637277360785"/></localToWorld><startEndDistance><double value="218.08838805639044"/></startEndDistance><styleClasses><array><token value="line3"/></array></styleClasses></zArrow><zArrow><arcHeight><double value="-24.498680940756685"/></arcHeight><id><string value="13_231456966"/></id><localToWorld><transform2D x="14567.207189317329" y="598.461377088524" scale="27.457874204689666" rotation="1.270190656752502"/></localToWorld><startEndDistance><double value="108.63744712016857"/></startEndDistance><styleClasses><array><token value="line3"/></array></styleClasses></zArrow><zArrow><arcHeight><double value="30.380944497923338"/></arcHeight><id><string value="14_231456966"/></id><localToWorld><transform2D x="12383.695034130893" y="6241.7690126564585" scale="27.45787420468966" rotation="-0.07618325207552665"/></localToWorld><startEndDistance><double value="-81.12077692688297"/></startEndDistance><styleClasses><array><token value="line3"/></array></styleClasses></zArrow><zSwfGraphics><assetSourceFilename><string value="monitor_fix.swf"/></assetSourceFilename><height><double value="383"/></height><id><string value="15_231456966"/></id><localToWorld><transform2D x="-14557.809480653432" y="388.57585301055997" scale="1.177026896123091" rotation="0"/></localToWorld><onlineAssetId><string value="882658885"/></onlineAssetId><onlineAssetUrl><string value="http://0103.static.prezi.com.s3.amazonaws.com/media/0/2/9/49a2fcb10b26f042c5b99efe419c178131488.swf"/></onlineAssetUrl><width><double value="448"/></width></zSwfGraphics><zSwfGraphics><assetSourceFilename><string value="prezilight_woman_face_14.swf"/></assetSourceFilename><height><double value="183"/></height><id><string value="17_231456966"/></id><localToWorld><transform2D x="-12872.110408494094" y="388.76876645480445" scale="2.463395088607343" rotation="0"/></localToWorld><onlineAssetId><string value="2819282719"/></onlineAssetId><onlineAssetUrl><string value="http://0103.static.prezi.com.s3.amazonaws.com/media/b/8/d/ddc3d783ab1b2d8474f6a4512d5db7b3c69ab.swf"/></onlineAssetUrl><swfBoundsLeft><double value="19.1"/></swfBoundsLeft><swfBoundsTop><double value="8.85"/></swfBoundsTop><width><double value="167"/></width></zSwfGraphics><zLine><id><string value="18_231456966"/></id><localToWorld><transform2D x="-10130.07703094402" y="5178.028802756837" scale="5.612216689085539" rotation="0"/></localToWorld><startEndDistance><double value="378.8226011683736"/></startEndDistance><styleClasses><array><token value="line3"/></array></styleClasses></zLine><zText><id><string value="19_231456966"/></id><localToWorld><transform2D x="-8792.050000000001" y="-4523.5" scale="10.402429277642222" rotation="0"/></localToWorld><styleClasses><array><token value="subtitle"/></array></styleClasses><text><text><width>306.66181848062894</width><p><span color="0"><![CDATA[What is Anagram?]]></span></p></text></text></zText><zLine><id><string value="20_231456966"/></id><localToWorld><transform2D x="-9299.47562776797" y="-4158.2516404429" scale="5.7267517235566725" rotation="0"/></localToWorld><startEndDistance><double value="529.9947328853827"/></startEndDistance><styleClasses><array><token value="line3"/></array></styleClasses></zLine><zText><id><string value="21_231456966"/></id><localToWorld><transform2D x="-560.8007526568724" y="-5056.887847700525" scale="10.078411845288928" rotation="0"/></localToWorld><styleClasses><array><token value="body"/></array></styleClasses><text><text><width>412.078125</width><p align="justify"><span><![CDATA[If at any time computer check that there is no word that exist in the dictionary starting with the given prefix then error message will appear.]]></span></p><p align="justify"/><p align="justify"><span><![CDATA[we will consider 4 to be the minimum word length as an assumption.]]></span></p></text></text></zText><zText><id><string value="22_231456966"/></id><localToWorld><transform2D x="6422.577126571043" y="-6523.996720312234" scale="12.827069621276818" rotation="0"/></localToWorld><styleClasses><array><token value="subtitle"/></array></styleClasses><text><text><width>-262.72265625</width><p><span color="0"><![CDATA[Data structures used?]]></span></p></text></text></zText><zLine><id><string value="23_231456966"/></id><localToWorld><transform2D x="6432.434951980844" y="-6251.026379199699" scale="8.017452412979342" rotation="0"/></localToWorld><startEndDistance><double value="449.26981420961823"/></startEndDistance><styleClasses><array><token value="line3"/></array></styleClasses></zLine><zText><id><string value="24_231456966"/></id><localToWorld><transform2D x="5636.299403187839" y="-5163.482749616189" scale="12.827069621276818" rotation="0"/></localToWorld><styleClasses><array><token value="body"/></array></styleClasses><text><text><width>-140.19140625</width><p><span><![CDATA[1. Trie ]]></span></p><p><span><![CDATA[2. Hash map]]></span></p></text></text></zText><zText><id><string value="25_231456966"/></id><localToWorld><transform2D x="3632.787862845069" y="2352.5710833560443" scale="30.167784006548196" rotation="0"/></localToWorld><styleClasses><array><token value="subtitle"/></array></styleClasses><text><text><width>-103.84800000000001</width><p><span color="1530686"><![CDATA[Why Trie?]]></span></p></text></text></zText><zSwfGraphics><assetSourceFilename><string value="prezilight_question_blue.swf"/></assetSourceFilename><height><double value="172"/></height><id><string value="26_231456966"/></id><localToWorld><transform2D x="4595.844246692148" y="4639.128467906719" scale="3.445302935412521" rotation="0"/></localToWorld><onlineAssetId><string value="2819215912"/></onlineAssetId><onlineAssetUrl><string value="http://0103.static.prezi.com.s3.amazonaws.com/media/d/4/2/6b8c503b801891c0f4fa0611d4788883cce29.swf"/></onlineAssetUrl><swfBoundsLeft><double value="50.2"/></swfBoundsLeft><swfBoundsTop><double value="12.25"/></swfBoundsTop><width><double value="102"/></width></zSwfGraphics><zSwfGraphics><assetSourceFilename><string value="prezilight_question_green.swf"/></assetSourceFilename><height><double value="172"/></height><id><string value="27_231456966"/></id><localToWorld><transform2D x="5541.772577243545" y="3998.081920545952" scale="3.445302935412521" rotation="0"/></localToWorld><onlineAssetId><string value="2819216593"/></onlineAssetId><onlineAssetUrl><string value="http://0103.static.prezi.com.s3.amazonaws.com/media/8/2/2/0dd063685fbd073738cf75f609605b21b2df7.swf"/></onlineAssetUrl><swfBoundsLeft><double value="50.6"/></swfBoundsLeft><swfBoundsTop><double value="12.25"/></swfBoundsTop><width><double value="102"/></width></zSwfGraphics><zSwfGraphics><assetSourceFilename><string value="prezilight_question_red.swf"/></assetSourceFilename><height><double value="172"/></height><id><string value="28_231456966"/></id><localToWorld><transform2D x="2942.1938068591226" y="4639.4179826911995" scale="3.445302935412521" rotation="0"/></localToWorld><onlineAssetId><string value="2819218081"/></onlineAssetId><onlineAssetUrl><string value="http://0103.static.prezi.com.s3.amazonaws.com/media/c/c/4/d1cdda3a302c1e3ec9c55b502d7f9ce445f25.swf"/></onlineAssetUrl><swfBoundsLeft><double value="49.5"/></swfBoundsLeft><swfBoundsTop><double value="14.7"/></swfBoundsTop><width><double value="102"/></width></zSwfGraphics><zSwfGraphics><assetSourceFilename><string value="prezilight_question_yellow.swf"/></assetSourceFilename><height><double value="172"/></height><id><string value="29_231456966"/></id><localToWorld><transform2D x="2086.2714014589355" y="3997.7222530528566" scale="3.445302935412521" rotation="0"/></localToWorld><onlineAssetId><string value="2819218822"/></onlineAssetId><onlineAssetUrl><string value="http://0103.static.prezi.com.s3.amazonaws.com/media/2/6/b/fa25e99b3b63dec67954f9792ff06e85d65bc.swf"/></onlineAssetUrl><swfBoundsLeft><double value="49.8"/></swfBoundsLeft><swfBoundsTop><double value="12.25"/></swfBoundsTop><width><double value="102"/></width></zSwfGraphics><zText><id><string value="30_231456966"/></id><localToWorld><transform2D x="12783.348654285612" y="-3244.6722793985914" scale="19.884768419866145" rotation="0"/></localToWorld><styleClasses><array><token value="subtitle"/></array></styleClasses><text><text><width>-168.696</width><p><span color="1530686"><![CDATA[Why HashMap?]]></span></p></text></text></zText><zSwfGraphics><assetSourceFilename><string value="prezilight_question_red.swf"/></assetSourceFilename><height><double value="172"/></height><id><string value="31_231456966"/></id><localToWorld><transform2D x="11282.84118423339" y="-2017.8527093369569" scale="3.028643106710819" rotation="0"/></localToWorld><onlineAssetId><string value="2819218081"/></onlineAssetId><onlineAssetUrl><string value="http://0103.static.prezi.com.s3.amazonaws.com/media/c/c/4/d1cdda3a302c1e3ec9c55b502d7f9ce445f25.swf"/></onlineAssetUrl><swfBoundsLeft><double value="49.5"/></swfBoundsLeft><swfBoundsTop><double value="14.7"/></swfBoundsTop><width><double value="102"/></width></zSwfGraphics><zSwfGraphics><assetSourceFilename><string value="prezilight_question_yellow.swf"/></assetSourceFilename><height><double value="172"/></height><id><string value="32_231456966"/></id><localToWorld><transform2D x="12046.383264783475" y="-1286.5107220404973" scale="3.028643106710819" rotation="0"/></localToWorld><onlineAssetId><string value="2819218822"/></onlineAssetId><onlineAssetUrl><string value="http://0103.static.prezi.com.s3.amazonaws.com/media/2/6/b/fa25e99b3b63dec67954f9792ff06e85d65bc.swf"/></onlineAssetUrl><swfBoundsLeft><double value="49.8"/></swfBoundsLeft><swfBoundsTop><double value="12.25"/></swfBoundsTop><width><double value="102"/></width></zSwfGraphics><zSwfGraphics><assetSourceFilename><string value="prezilight_question_blue.swf"/></assetSourceFilename><height><double value="172"/></height><id><string value="33_231456966"/></id><localToWorld><transform2D x="13568.977652532381" y="-1286.089805788816" scale="3.028643106710819" rotation="0"/></localToWorld><onlineAssetId><string value="2819215912"/></onlineAssetId><onlineAssetUrl><string value="http://0103.static.prezi.com.s3.amazonaws.com/media/d/4/2/6b8c503b801891c0f4fa0611d4788883cce29.swf"/></onlineAssetUrl><swfBoundsLeft><double value="50.2"/></swfBoundsLeft><swfBoundsTop><double value="12.25"/></swfBoundsTop><width><double value="102"/></width></zSwfGraphics><zSwfGraphics><assetSourceFilename><string value="prezilight_question_green.swf"/></assetSourceFilename><height><double value="172"/></height><id><string value="34_231456966"/></id><localToWorld><transform2D x="14374.471052833384" y="-2017.782556628343" scale="3.028643106710819" rotation="0"/></localToWorld><onlineAssetId><string value="2819216593"/></onlineAssetId><onlineAssetUrl><string value="http://0103.static.prezi.com.s3.amazonaws.com/media/8/2/2/0dd063685fbd073738cf75f609605b21b2df7.swf"/></onlineAssetUrl><swfBoundsLeft><double value="50.6"/></swfBoundsLeft><swfBoundsTop><double value="12.25"/></swfBoundsTop><width><double value="102"/></width></zSwfGraphics><zText><id><string value="35_231456966"/></id><localToWorld><transform2D x="15894.816102121693" y="3142.6558698777644" scale="18.552782443257982" rotation="0"/></localToWorld><styleClasses><array><token value="subtitle"/></array></styleClasses><text><text><width>110.4603905805982</width><p><span color="1530686"><![CDATA[Timeline]]></span></p></text></text></zText><zImage><assetSourceFilename><string value="ss.jpg"/></assetSourceFilename><height><double value="731"/></height><id><string value="36_231456966"/></id><localToWorld><transform2D x="1.5211742570379894" y="9146.783538630729" scale="4.812682930010106" rotation="0"/></localToWorld><onlineAssetId><string value="4675683537"/></onlineAssetId><onlineAssetUrl><string value="http://0103.static.prezi.com.s3.amazonaws.com/media/b/8/e/3015a3b22b48aeef614ccd1efd4c5adb74d07.jpg"/></onlineAssetUrl><width><double value="657"/></width></zImage><zText><id><string value="16_231456966"/></id><localToWorld><transform2D x="15698.934297412852" y="4473.19030435842" scale="13.938980047526657" rotation="0"/></localToWorld><styleClasses><array><token value="body"/></array></styleClasses><text><text><width>-185.765625</width><p><span><![CDATA[October - 60%]]></span></p><p><span><![CDATA[November - 40%]]></span></p></text></text></zText><zCircleFrame><height><double value="800"/></height><id><string value="37_231456966"/></id><localToWorld><transform2D x="8608.3" y="6372.150000000001" scale="5.380027599842163" rotation="0"/></localToWorld><styleClasses><array><token value="circle"/></array></styleClasses><width><double value="800"/></width></zCircleFrame><zArrow><arcHeight><double value="24.31448850997117"/></arcHeight><id><string value="38_231456966"/></id><localToWorld><transform2D x="4682.452270869142" y="8649.385778517788" scale="32" rotation="-0.468131883875623"/></localToWorld><startEndDistance><double value="-123.21075160879957"/></startEndDistance><styleClasses><array><token value="line3"/></array></styleClasses></zArrow><zText><id><string value="39_231456966"/></id><localToWorld><transform2D x="8577.474118749997" y="5206.1081984375" scale="11.712800000000005" rotation="0"/></localToWorld><styleClasses><array><token value="subtitle"/></array></styleClasses><text><text><width>-132.796875</width><p><span color="6557470"><![CDATA[References]]></span></p></text></text></zText><zLine><id><string value="40_231456966"/></id><localToWorld><transform2D x="8577.423569168302" y="5447.960212492523" scale="8" rotation="0"/></localToWorld><startEndDistance><double value="248.7744534782488"/></startEndDistance><styleClasses><array><token value="line3"/></array></styleClasses></zLine><zText><id><string value="41_231456966"/></id><localToWorld><transform2D x="8411.127031249998" y="6506.334375" scale="8.000000000000004" rotation="0"/></localToWorld><styleClasses><array><token value="subtitle"/></array></styleClasses><text><text><width>-350.25</width><p><span weight="normal"><![CDATA[http://www.geeksforgeeks.org]]></span></p><p><span weight="normal"><![CDATA[https://www.youtube.com]]></span></p><p><span weight="normal"><![CDATA[https://www.tutorialspoint.com]]></span></p></text></text></zText></array></zObjects></prezi>